Store,Dept,residual_std
1,1,866.7865856448329
1,2,1163.5607059469164
1,3,732.1913551519236
1,4,783.7222023263577
1,5,1143.7053307730898
1,6,457.0080541139159
1,7,1001.7383087016109
1,8,756.7260604396054
1,9,1094.4820342462415
1,10,1051.1990274729299
1,11,1054.9548668703528
1,12,574.5388343386412
1,13,737.9240274867265
1,14,602.3066279413046
1,16,1198.0113473309364
1,17,515.8527694748738
1,18,864.0490825785038
1,19,177.69987655588332
1,20,367.5538700605177
1,21,324.9803713214562
1,22,516.9509134900206
1,23,792.0611057589795
1,24,547.9621833391122
1,25,623.4144589716389
1,26,444.15236893454664
1,27,143.4910702778355
1,28,58.98573468118252
1,29,314.57363948129955
1,30,217.04756976128
1,31,269.8208118254676
1,32,675.4242050954787
1,33,440.56711873998717
1,34,616.5648956648492
1,35,184.95496705804905
1,36,330.72907086935203
1,37,160.74192828887436
1,38,2575.127797619383
1,40,1191.763383681069
1,41,191.50001911705124
1,42,390.77145981106
1,44,285.4009497844856
1,45,17.162952403504676
1,46,506.38824312489004
1,47,101.55476775924996
1,48,421.8793445828044
1,49,698.0996956762391
1,52,203.72108855495964
1,54,33.57719848713368
1,55,693.2478218381426
1,56,404.47383208212716
1,58,494.8075149994157
1,59,191.44835287317088
1,60,135.6996799196603
1,67,783.2182213130532
1,71,387.6154071918933
1,72,3122.2020714289065
1,74,604.7571868186842
1,79,2089.5317913208214
1,80,516.0772942049283
1,81,671.0697089876343
1,82,481.27610900295326
1,83,424.93356347080413
1,85,228.2785601456726
1,87,2516.5497760075973
1,90,1793.6454020573954
1,91,1811.8776742563962
1,92,6738.014957913533
1,93,2380.897828362035
1,94,2531.8611893923958
1,95,4477.106612265973
1,96,1096.1916206919618
1,97,1101.9591069836263
1,98,659.8044504651615
1,99,172.9769678339204
2,1,971.8307882505179
2,2,620.26399615463
2,3,583.6024521526369
2,4,475.1190735162583
2,5,876.8770380178039
2,6,242.97213277103776
2,7,1335.9472953093746
2,8,568.6859842116037
2,9,748.1081996483659
2,10,559.1833550171475
2,11,671.6294969668191
2,12,178.53716585671697
2,13,445.71791011235797
2,14,400.7486139876421
2,16,805.5406799608238
2,17,262.7366882164188
2,18,686.6406700785195
2,19,147.32662387528788
2,20,117.19257290864405
2,21,107.07409401609242
2,22,433.15133484466463
2,23,744.1590455021512
2,24,228.89395366038548
2,25,317.0788941375917
2,26,318.0224888683734
2,27,157.34761347911413
2,28,69.6537562927682
2,29,146.28489421843577
2,30,148.58168143746983
2,31,221.47065377965023
2,32,535.5938738444606
2,33,302.6160328046744
2,34,422.55857787906837
2,35,181.79051324261087
2,36,321.5176186556056
2,37,114.66990341282174
2,38,1347.1615055439408
2,40,755.8234228819862
2,41,232.35791554118518
2,42,139.9028320213778
2,44,191.11228030906528
2,45,10.664930760158656
2,46,483.82567436469986
2,47,197.21199482220615
2,48,671.168894496722
2,49,539.1061154038407
2,52,123.95034963584972
2,54,31.041843111982022
2,55,378.5924225148562
2,56,405.9995408278711
2,58,1240.7674628459688
2,59,132.30337444055414
2,60,64.79811860439324
2,67,646.874594253918
2,71,214.45731630669096
2,72,2926.639691841358
2,74,338.2995774920596
2,78,38.494538837554344
2,79,954.0207831931813
2,80,283.8628674693507
2,81,321.4887058439089
2,82,487.7382081120872
2,83,118.80202138000139
2,85,197.51497258375778
2,87,838.7432174285553
2,90,1404.9945718918727
2,91,872.4599073976037
2,92,5587.780903316115
2,93,1399.7990345062856
2,94,1499.5190656420164
2,95,3805.0542567147036
2,96,518.8254249608483
2,97,531.3750846504786
2,98,268.88058628856373
2,99,280.05829403599637
3,1,924.3759546949634
3,2,818.1209813560776
3,3,907.4188138632136
3,4,479.6198467719229
3,5,1393.261227416909
3,6,434.64916746410285
3,7,1006.6072199524234
3,8,404.2800549267649
3,9,845.7107387145758
3,10,726.5026887748712
3,11,1523.8977229647696
3,12,248.96145587426756
3,13,692.4033163555251
3,14,482.65477796327303
3,16,915.6680491410414
3,17,322.6182333247893
3,18,626.4177776610586
3,19,153.7140397739932
3,20,227.8670391942861
3,21,129.46379790869446
3,22,471.7669989529965
3,23,1109.3786576551486
3,24,560.034835114304
3,25,531.6147666923404
3,26,318.3757667332289
3,27,75.11549337486146
3,28,29.442865715189804
3,29,175.9518348265887
3,30,171.30689682631487
3,31,204.35235875602172
3,32,1056.22870268054
3,33,516.0660767993647
3,34,537.9751563610639
3,35,180.3542251968364
3,36,126.31728608640574
3,38,11187.007217048811
3,40,725.4560696200383
3,41,133.64245004882926
3,42,818.761373220733
3,44,242.98874555837267
3,46,642.872331476201
3,49,16.22794722084771
3,51,8.460583263094778
3,52,137.6696702286653
3,54,20.184736741269937
3,55,874.9218034887662
3,56,526.2085347141732
3,59,55.45097560340602
3,60,28.421225723712162
3,67,470.57856055288715
3,71,265.5363894190006
3,72,2594.38008297394
3,74,456.9803283638961
3,79,515.3137862859231
3,80,12.594331561495812
3,81,91.69829767748085
3,82,612.0589975821952
3,85,179.0340940662989
3,87,191.93437704146544
3,90,99.79360392723989
3,91,60.39444212703399
3,92,372.10135479286765
3,94,299.96845805043165
3,95,804.8248893255769
3,96,379.9110549773883
3,97,64.79531763460541
3,98,29.644740329128673
4,1,881.606978872007
4,2,1358.3717895301259
4,3,862.2894822691529
4,4,577.8030167899495
4,5,1232.291586995753
4,6,297.5270824528755
4,7,1743.9316078273034
4,8,506.90983431239556
4,9,736.6036655800817
4,10,535.4483128714987
4,11,846.9115853191214
4,12,195.18855717558117
4,13,622.3091658826653
4,14,504.6700862433497
4,16,481.4376111043719
4,17,286.87454884214617
4,18,824.1533239181059
4,19,186.9048461379478
4,20,192.0541729132409
4,21,117.49888573956402
4,22,403.1473033019659
4,23,887.9955177532167
4,24,361.60713685636796
4,25,285.2229860970575
4,26,553.5421866099703
4,27,128.83110913596713
4,28,95.98867838384662
4,29,231.79601745210786
4,30,158.055839593992
4,31,279.3232158879377
4,32,506.73853368781363
4,33,388.84781481621906
4,34,616.0015338376433
4,35,176.2296977637693
4,36,370.3365221518095
4,37,201.9161989312419
4,38,1489.4574893748052
4,40,864.2135689275547
4,41,200.38104445768127
4,42,230.3710078527142
4,44,142.15274552261087
4,45,19.029538727044518
4,46,500.61977687583374
4,48,565.5209265408474
4,49,291.6504473642287
4,51,6.0459174422267985
4,52,238.99299627843703
4,54,41.47151565221284
4,55,332.20876966378825
4,56,368.2857423876922
4,58,495.95865718429707
4,59,99.61455464070751
4,60,78.18055416596883
4,67,538.0011342424136
4,71,229.94893248404267
4,72,3096.3473357175003
4,74,307.1068914187547
4,79,671.4943392057986
4,80,214.43494358185944
4,81,391.33424053404383
4,82,458.7225598959341
4,83,317.9238726455693
4,85,183.24119601139944
4,87,399.6371997939907
4,90,1154.6462911133137
4,91,795.6693869506378
4,92,4935.6028829831175
4,93,1049.9852381701376
4,94,1049.2684895167658
4,95,4043.478049636925
4,96,604.3685566005186
4,97,553.3522640332192
4,98,364.0944687743527
4,99,355.10992941476565
5,1,956.6509952520715
5,2,611.7538565215582
5,3,551.4577349389248
5,4,384.4699429204315
5,5,842.0305960749176
5,6,228.55371678636283
5,7,839.8561818261345
5,8,397.15293246598844
5,9,980.3291547630135
5,10,622.05212159481
5,11,652.5147029174932
5,12,253.1566774739053
5,13,472.22057264844034
5,14,400.1010192616842
5,16,972.5492305002078
5,17,261.7442203821926
5,18,626.929950879486
5,19,17.434333517066978
5,20,180.52800690443217
5,21,67.07690921354317
5,22,340.82472248628704
5,23,650.6060863586756
5,24,251.86417915995563
5,25,332.9017090596766
5,26,211.11527883749108
5,27,48.591523108386454
5,28,26.38736821591301
5,29,146.46286348374272
5,30,123.2092745723949
5,31,134.2078819944443
5,32,622.736676605843
5,33,263.48317494915904
5,34,370.5393278767371
5,35,167.26136654368315
5,36,138.95504375375148
5,38,6517.395362640509
5,40,873.7147788909919
5,41,124.7121433676668
5,42,233.05136581085625
5,44,145.38835898297782
5,45,20.631276634578896
5,46,544.4822123499274
5,49,21.714174329782633
5,52,82.35009085414787
5,54,22.607637319372085
5,55,528.1856819206938
5,56,448.8571833564185
5,58,340.6679830876803
5,59,69.15061865969632
5,60,32.991469718694304
5,67,622.564618498052
5,71,128.63477977861447
5,72,1350.0439238490796
5,74,344.1238980008789
5,79,373.5196872207059
5,81,105.23380355305757
5,82,588.2895842129474
5,85,161.02507887469716
5,87,931.3989774744832
5,90,151.26648327052544
5,91,116.47462033448743
5,92,293.5337845851197
5,94,322.095550748093
5,95,833.7367159745069
5,96,426.70451192396763
5,97,60.126337227779885
5,98,28.684972980586075
6,1,923.0281508828825
6,2,700.5634545923609
6,3,559.5091734497084
6,4,453.1437336534445
6,5,705.5840415507328
6,6,285.1684966298339
6,7,1066.808186025515
6,8,447.76304354134
6,9,1561.8846624721746
6,10,757.6143918047524
6,11,626.9237190318552
6,12,119.23448813175821
6,13,436.5973966879373
6,14,468.4297906503806
6,16,816.3647995705568
6,17,208.53430450801974
6,18,954.5244677703243
6,19,126.2607788647104
6,20,288.6068946841329
6,21,162.7649110624249
6,22,494.68706754452927
6,23,670.790452215023
6,24,348.8997219909079
6,25,418.33824098749443
6,26,432.1273309924794
6,27,126.31422253716339
6,28,75.26289175847104
6,29,135.76667381361625
6,30,127.98976070830903
6,31,192.67185963870418
6,32,525.8512677950241
6,33,350.3977203113926
6,34,543.4542540476444
6,35,176.6759078366925
6,36,432.4782776630696
6,37,98.37705755260662
6,38,1375.1670657990614
6,40,498.69236699346544
6,41,238.53142415266944
6,42,173.39310211033907
6,44,213.48123204870316
6,46,589.3515117769547
6,47,589.8000682382534
6,48,560.0890583741107
6,49,401.95878113722205
6,52,110.63534452320594
6,54,64.78667515587912
6,55,355.00446923995605
6,56,338.4143284030963
6,58,525.2996421626395
6,59,127.87429163253647
6,60,73.54560761370537
6,67,417.8257117488283
6,71,230.79947608276507
6,72,1667.738045020974
6,74,396.349447033983
6,79,718.3850493806756
6,80,211.7989714985491
6,81,284.53499173761264
6,82,292.21159233263114
6,83,126.7420851457891
6,85,137.66478661627167
6,87,854.5947473640769
6,90,675.5382953608772
6,91,536.0141128318024
6,92,1869.1350183209836
6,93,956.9527538508535
6,94,668.6302039900914
6,95,1431.5995489360741
6,96,702.824908011642
6,97,391.6606824901967
6,98,211.6953197553632
6,99,189.4049729880278
7,1,1228.853686676697
7,2,1234.9834525135382
7,3,1198.7158022422293
7,4,863.1325425423623
7,5,1397.1670446585724
7,6,1048.3913201262726
7,7,1356.1427127943234
7,8,552.7542504264816
7,9,3036.591919271542
7,10,1128.5112866028219
7,11,1100.0032379556233
7,12,540.0188003101133
7,13,782.7703372886027
7,14,969.6002459920145
7,16,1840.8855252070932
7,17,607.0702774648225
7,18,767.6004500745536
7,20,461.3498753680273
7,21,279.04456601578227
7,22,835.6178817877385
7,23,1128.8089609759845
7,24,556.6599231400662
7,25,788.0515479751708
7,26,320.6276916382299
7,27,90.11537596691156
7,28,36.356101509311436
7,29,216.357972394352
7,30,183.67983691902987
7,31,404.94571007487076
7,32,847.2654950533818
7,33,467.39802269844876
7,34,525.0525511722498
7,35,53.68776826518267
7,36,473.3738409377583
7,38,2437.7077003230515
7,40,1514.1888227403297
7,41,471.38662956399907
7,42,628.8457952103896
7,44,383.09550361293196
7,45,34.00966448135013
7,46,1065.6672903467036
7,47,46.13436117416014
7,48,784.6081000299704
7,49,25.409990762796784
7,51,589.8000682382534
7,52,205.36365979779058
7,54,29.62330678908499
7,55,921.9877291846536
7,56,1574.859750230088
7,58,707.5753293936774
7,59,22.66492846868327
7,60,33.297879370127674
7,67,931.0564815552709
7,71,398.0236289906546
7,72,2979.6974007058507
7,74,779.8463309673925
7,79,567.190317306268
7,80,122.99441535169947
7,81,467.2642663287242
7,82,781.02899752807
7,83,105.45212038521592
7,85,306.092909925103
7,87,973.2267050647637
7,90,1192.4134767795415
7,91,862.0193819818898
7,92,1333.3695381794191
7,93,317.94834336957126
7,94,464.3750736988922
7,95,1793.5856951765268
7,96,372.50964940059345
7,97,628.2831445215008
7,98,54.039136517386765
8,1,1007.109642118885
8,2,876.5929414384498
8,3,649.0035836933041
8,4,512.5047512409257
8,5,931.0845867458501
8,6,402.30556598389916
8,7,747.1219676411902
8,8,644.3894266234705
8,9,736.8996179028079
8,10,680.3684091987905
8,11,918.7466426569823
8,12,337.5056766176158
8,13,510.8669167931562
8,14,440.8577430385621
8,16,914.392508021
8,17,336.58804687526276
8,18,830.9345380204634
8,19,83.77571828540148
8,20,273.2010511820881
8,21,153.7606617590441
8,22,502.079913235298
8,23,580.3303117421598
8,24,417.60611590137927
8,25,415.61170032928317
8,26,458.8351448693204
8,27,109.15936499282734
8,28,72.40279410813042
8,29,185.34671828807987
8,30,168.6493036321813
8,31,260.05592658406164
8,32,673.225747908947
8,33,421.91745205372564
8,34,354.7159146448901
8,35,168.31033718252237
8,36,214.95404738548442
8,37,149.44455774398196
8,38,2264.409362197238
8,40,725.0318380022923
8,41,170.8334505198895
8,42,281.5889771644473
8,44,262.9183013716755
8,45,589.8000682382534
8,46,529.1189335072086
8,47,589.8000682382534
8,49,343.92058122270646
8,52,206.8485714877894
8,54,61.57367927520753
8,55,324.2971752513898
8,56,611.1041167830367
8,58,312.9092637410848
8,59,130.2676029947828
8,60,78.33089374914456
8,67,578.6597215351937
8,71,277.064983064119
8,72,1762.338595556207
8,74,508.3276019841254
8,78,589.8000682382534
8,79,995.7464179759985
8,80,297.8624367017428
8,81,324.63413285882024
8,82,427.66946422023943
8,83,208.89657320114657
8,85,207.98394636438658
8,87,1126.1066548759172
8,90,690.8276810998534
8,91,993.0988910402921
8,92,1523.9156879276954
8,93,1092.3450635657189
8,94,900.4733498235862
8,95,937.9618509876472
8,97,572.4468610659718
8,98,284.6681384901436
8,99,104.38572414111249
9,1,601.8399845638274
9,2,739.7423680125711
9,3,525.6426257244171
9,4,559.6503740867186
9,5,955.8791371338198
9,6,369.3617651062706
9,7,743.4151450744133
9,8,434.1118588150288
9,9,788.5885598719389
9,10,583.3562817486535
9,11,918.5535019173973
9,12,440.7462535814123
9,13,620.2367447195086
9,14,456.3240745176516
9,16,834.0083368396988
9,17,370.25484799692816
9,18,622.8253486872642
9,19,223.03807438996412
9,20,255.73243711204265
9,21,202.78412765906938
9,22,480.5263818807585
9,23,568.0441369468815
9,24,313.4827729186244
9,25,344.1950841958398
9,26,388.25283026018593
9,27,84.23636951107191
9,28,56.14392392706572
9,29,211.17589600352957
9,30,145.36462434035673
9,31,228.99148236285575
9,32,552.8286468665798
9,33,284.60749286178344
9,34,437.52574446878515
9,35,191.22605280603884
9,36,186.72601296647048
9,38,3409.7620822521385
9,40,710.6878910148461
9,41,182.72268450227028
9,42,365.44862639397275
9,44,222.55677245438864
9,45,589.8000682382534
9,46,357.85187265000707
9,47,589.8000682382534
9,48,452.38050463328136
9,49,28.980879433782874
9,52,182.14477210149917
9,54,27.151307184476817
9,55,498.9215243212607
9,56,607.1622053625802
9,59,82.87830988127448
9,60,34.241575861724456
9,67,468.58553628048276
9,71,245.6928237401714
9,72,1809.5559893265004
9,74,537.3531886469568
9,79,354.34628514619914
9,80,6.347621345037708
9,81,65.590353685898
9,82,404.4405038671821
9,85,131.77240379884455
9,87,942.7993415812065
9,90,88.9833066280629
9,91,131.62594698812072
9,92,364.8161950723336
9,94,580.0337474060996
9,95,744.0314424272224
9,96,238.99358923445493
9,98,7.796565454693433
10,1,1661.214777142803
10,2,4086.311335420769
10,3,1874.137265787073
10,4,722.609095693788
10,5,2464.603301535341
10,6,913.8490769006703
10,7,2389.4389048859616
10,8,2389.939497765123
10,9,2313.328952257455
10,10,1120.36834791893
10,11,1051.6070596453708
10,12,442.95016598094804
10,13,1400.1201027226527
10,14,1360.1756884572833
10,16,1119.2521801732046
10,17,983.0700158432338
10,18,1844.8392910497041
10,19,205.22157525986748
10,20,565.3374977242106
10,21,399.3408300993887
10,22,1076.939612832553
10,23,2542.764251004026
10,24,657.774928299456
10,25,682.3155367118298
10,26,608.1087993138581
10,27,265.9908437473364
10,28,101.02831273995704
10,29,593.2445421856356
10,30,491.28854035403083
10,31,427.59214004250896
10,32,1195.1685963169205
10,33,792.6353552686326
10,34,1402.3659846813543
10,35,506.43978753778896
10,36,499.33765043734724
10,37,178.84340126616797
10,38,3812.1250036392144
10,40,2349.2181268089407
10,41,640.4429215311147
10,42,311.3425405526918
10,44,371.3063978119009
10,45,26.63058383253628
10,46,1461.5342804072402
10,47,192.75403212738348
10,48,479.8009232866789
10,49,767.3064655852835
10,50,246.08704391197398
10,52,275.4762651509298
10,54,71.9594520850127
10,55,783.3751175886638
10,56,294.75190932447885
10,58,611.3988372146193
10,59,117.24138638166683
10,60,71.94853809282007
10,67,651.0465935907145
10,71,791.9216254900165
10,72,10910.60843812584
10,74,1146.828832429572
10,79,1819.575729934554
10,80,128.6768823220788
10,81,273.04176711934434
10,82,544.5672729677667
10,83,54.97943582471581
10,85,176.94751863437256
10,87,1005.0044414832092
10,90,203.158843439714
10,91,382.371602812962
10,92,674.4643952859142
10,93,100.02708184203595
10,94,319.8439728999097
10,95,1473.3176565190563
10,96,362.523938986015
10,97,199.02513955257794
10,98,163.09543706569312
11,1,479.6200602577937
11,2,614.0518424449164
11,3,725.6366461465262
11,4,458.494278746035
11,5,792.4811952602487
11,6,315.64220534967285
11,7,1450.5067563408134
11,8,429.60371820817295
11,9,317.6710301497187
11,10,309.72401089302093
11,11,425.8227546981456
11,12,149.4322295145764
11,13,603.1843386383769
11,14,451.68178290728423
11,16,395.1274181191955
11,17,288.6497356917745
11,18,517.3677311733484
11,19,117.2070051352052
11,20,256.25238731251557
11,21,152.76398595041346
11,22,375.4982618751505
11,23,569.790104051677
11,24,322.41654068280343
11,25,372.07833513878
11,26,333.5004038006789
11,27,110.6970240267894
11,28,88.57181967328775
11,29,239.70052547697594
11,30,134.68574227339042
11,31,216.99629584091912
11,32,338.6079490252837
11,33,290.8643002380087
11,34,573.7294834875637
11,35,176.01818518353474
11,36,298.02944599414644
11,37,118.78333731473174
11,38,1422.1262415835
11,40,633.0050466368986
11,41,186.56782682652002
11,42,100.62822293457496
11,44,129.98561546259853
11,45,17.773833195255694
11,46,403.07167643855354
11,47,59.708856735356534
11,49,287.2879710917228
11,52,146.04327913971446
11,54,49.979359559602806
11,55,347.79435679230534
11,56,246.8414010164073
11,58,452.11676999136887
11,59,118.43989163323685
11,60,66.82300399071883
11,67,455.10938129954314
11,71,226.04282344596692
11,72,1812.3285988050127
11,74,476.0801481486026
11,79,992.8345352422531
11,80,165.68641065424146
11,81,168.00839028063422
11,82,534.9534083427328
11,83,189.83465245077255
11,85,150.48625036654084
11,87,444.5470909897301
11,90,612.3090369085131
11,91,607.8952694498508
11,92,1076.4914801005623
11,93,741.133418814754
11,94,727.6131870711843
11,95,956.0670413491398
11,96,327.1928663357517
11,97,340.0493642094488
11,98,211.0681861951711
11,99,278.05333223150416
12,1,1411.6903162976716
12,2,1901.4628954781554
12,3,1275.1905841132766
12,4,684.2382826693633
12,5,1047.7384582158604
12,6,694.6671163388471
12,7,1298.9531033842122
12,8,672.6321341768521
12,9,727.5491424038959
12,10,529.8327610395196
12,11,807.2829003534835
12,12,295.624968812509
12,13,802.8235434076669
12,14,706.3318059117556
12,16,623.0496904172657
12,17,647.0357707792224
12,18,1040.836921235925
12,19,280.8934662017257
12,20,571.6009747606562
12,21,282.99907840105925
12,22,605.6130212966424
12,23,1050.3531792393178
12,24,809.6632011066166
12,25,586.1472777105837
12,26,693.9418708627863
12,27,208.65532363419166
12,28,83.50152935626834
12,29,588.0630235748788
12,30,437.1551153155797
12,31,437.6549056418154
12,32,954.6732678724826
12,33,831.2751376073477
12,34,1034.8844388213781
12,35,276.8242028244112
12,36,512.427095886451
12,38,2591.587657010684
12,40,828.9762901426925
12,41,194.86655473225179
12,42,309.45639589780603
12,44,406.7141694151497
12,45,52.7791252753891
12,46,923.1040996697457
12,47,589.8000682382534
12,49,31.953040765491902
12,52,259.3874996077105
12,54,32.38692266186408
12,55,642.2007323279861
12,56,314.2714698060215
12,58,1006.7473220370993
12,59,138.935396161352
12,60,72.78745074288543
12,67,896.005281941009
12,71,875.0040447910268
12,72,3143.34356852668
12,74,644.3993324518923
12,78,0.0
12,79,907.8691827881298
12,80,47.7277043520352
12,81,202.40306499043928
12,82,485.47029779871855
12,83,56.56767873955121
12,85,230.99782681671405
12,87,732.1039971248389
12,90,321.87246162061575
12,91,390.3759886560357
12,92,768.7953134109094
12,93,94.05999469089896
12,94,500.11321201723416
12,95,863.2529490355126
12,96,9.547966018802745
12,97,151.6754731355995
12,98,87.66832881183937
13,1,1943.8120956254636
13,2,954.2381919870255
13,3,1227.7149317002531
13,4,514.7866773884016
13,5,2267.6592304078777
13,6,300.9701658884369
13,7,1659.5510052727677
13,8,403.1552144934286
13,9,863.3704954495203
13,10,552.8995916723693
13,11,500.3766636548749
13,12,122.34343726284136
13,13,576.0468533688553
13,14,422.23874958313104
13,16,718.1875915420388
13,17,206.31342253366606
13,18,1547.9060796171207
13,19,168.7959813003752
13,20,205.43722543098977
13,21,125.96301515285715
13,22,315.92173585377014
13,23,644.19016413555
13,24,391.2629787767959
13,25,593.7031777578352
13,26,313.62120205630566
13,27,125.16047137545262
13,28,132.04032541064552
13,29,159.56419475410647
13,30,131.31931656673376
13,31,306.7208686626456
13,32,389.99675286950475
13,33,259.33243292306116
13,34,434.5946982177899
13,35,159.20610925697
13,36,241.6620061670147
13,37,122.56039113951215
13,38,1201.1134306309832
13,40,826.0544692558382
13,41,239.7414150447709
13,42,163.5434029008745
13,44,144.7575380159617
13,45,21.35543141040411
13,46,503.97420294880254
13,47,589.8000682382534
13,48,473.8835983988526
13,49,333.0121221960788
13,50,242.48505018148785
13,51,589.8000682382534
13,52,176.41799898372477
13,54,41.07015383956298
13,55,722.583048361917
13,56,522.6167312423272
13,58,499.5643752392781
13,59,123.75631602561818
13,60,96.54256004326423
13,67,751.8112214394662
13,71,236.62397364786153
13,72,1841.4035586329462
13,74,489.8311315414729
13,79,1143.2555248478525
13,80,225.2293249202113
13,81,402.863894676405
13,82,681.3842602063777
13,83,117.7520312895882
13,85,167.37519486334088
13,87,341.8260195668351
13,90,2025.661960634019
13,91,932.8067265766443
13,92,3939.732927644851
13,93,951.9300493847611
13,94,1478.0966543628858
13,95,3591.5995324432765
13,96,231.5948931118087
13,97,403.5864695000019
13,98,171.45691985926203
13,99,455.42255213934584
14,1,2076.190117840069
14,2,783.7410273006551
14,3,676.4837455334591
14,4,669.018142157915
14,5,1056.0871279906232
14,6,301.17860469828923
14,7,2061.276516543345
14,8,710.187516000412
14,9,691.496585152278
14,10,380.38097542769526
14,11,714.2154374963818
14,12,130.2889638043583
14,13,707.4536746169221
14,14,516.1224468204281
14,16,1071.954428408152
14,17,396.3408184189045
14,18,1091.4876250839657
14,19,160.34465143505997
14,20,283.7192503868177
14,21,250.2314012833629
14,22,501.88306609060123
14,23,713.7646371934812
14,24,459.14616985087713
14,25,348.4853422170375
14,26,421.63626020594023
14,27,126.89497642997993
14,28,123.28801821938879
14,29,235.0456421440471
14,30,145.66726622486783
14,31,221.40745824722055
14,32,589.1193945913648
14,33,379.10613654839045
14,34,748.0282952030389
14,35,190.14078903532075
14,36,329.125434200907
14,38,1551.6361533381394
14,40,2285.3429872498486
14,41,300.80291111047745
14,42,226.4809198330594
14,44,111.17507534106997
14,46,570.5698960225274
14,47,589.8000682382534
14,49,365.5293018897991
14,50,182.12462555624302
14,51,15.66091330006781
14,52,185.96127693917046
14,54,51.434186392063786
14,55,556.7654767672352
14,56,593.3178734053653
14,58,776.6750824155049
14,59,112.6431835058127
14,60,102.62031875271674
14,67,675.2730581537058
14,71,297.08097322336005
14,72,2558.6381320703977
14,74,528.5930373718245
14,79,523.471700455723
14,80,490.02261649802506
14,81,687.1286826111414
14,82,872.1859706151349
14,83,543.2110873824402
14,85,154.54510108883383
14,87,540.6223805245799
14,90,1916.2377203918018
14,91,1636.5709451027058
14,92,7632.360109755139
14,93,1226.2536176106903
14,94,730.376176061022
14,95,3494.1417206755445
14,96,5.467597766792685
14,97,743.2055405420099
14,98,428.7382015473719
14,99,460.73765656278164
15,1,606.5253579266677
15,2,641.0808473605301
15,3,630.2745846937419
15,4,305.6181649473061
15,5,951.3353159993641
15,6,381.9583553549929
15,7,749.3900102915683
15,8,468.3325705532117
15,9,713.9405257890104
15,10,382.714615199912
15,11,1004.0373975380248
15,12,218.67602734414848
15,13,475.9359401700794
15,14,406.6516490207859
15,16,1236.3557728746212
15,17,486.71205973891233
15,18,709.1327521129369
15,19,152.92858586354623
15,20,303.31036590023973
15,21,191.9366149233448
15,22,589.2428166001648
15,23,722.5542121494059
15,24,455.09999669625023
15,25,589.5518063110633
15,26,439.15553742013736
15,27,136.66071810473528
15,28,80.05759502710818
15,29,294.81239142975
15,30,239.29387307043945
15,31,255.9196066233482
15,32,460.5328853588998
15,33,351.62186957816596
15,34,700.1806717081031
15,35,243.51705345216521
15,36,312.66673397407004
15,38,2049.234643378516
15,40,446.12977579540194
15,41,209.45863775973385
15,42,237.085540004736
15,44,197.0681562091727
15,46,359.66749198346196
15,49,799.2678994691867
15,50,342.93461164769997
15,52,180.4311136123431
15,54,32.32107508876533
15,55,425.5570039345559
15,56,605.723215016336
15,58,463.1375350813587
15,59,110.00365042401302
15,60,46.18009372094986
15,67,607.8040122739061
15,71,484.3726123336924
15,72,1744.695483549886
15,74,462.30835310462214
15,79,424.5988721496068
15,80,53.57896489288788
15,81,145.56050220596865
15,82,440.6948928439066
15,83,69.43754098222713
15,85,246.89272426384593
15,87,457.41673588880695
15,90,197.88906014451987
15,91,159.32716471114622
15,92,437.0596377602085
15,93,71.36932414149253
15,94,509.8673877193163
15,95,698.5421096851708
15,96,321.618432461083
15,97,202.1685674595849
15,98,91.14838381578764
16,1,1278.3055183728488
16,2,1101.452254810289
16,3,908.3834954231969
16,4,828.6243199500681
16,5,1502.5679089300302
16,6,1090.6582707724456
16,7,1464.5674761029925
16,8,551.8727472512415
16,9,4432.260760894252
16,10,931.4835120363635
16,11,1368.3401859664045
16,12,315.72781076062506
16,13,847.5528053045039
16,14,1032.4211000682044
16,16,1686.1848674726023
16,17,806.2240510511078
16,18,611.4239192145382
16,19,228.64015065655838
16,20,445.4069323399835
16,21,376.48179025387924
16,22,932.0413274294772
16,23,1034.369000000017
16,24,445.7422588256295
16,25,616.3460364037844
16,26,258.3094840678251
16,27,113.78884574390828
16,28,72.79365644409418
16,29,170.8270857661464
16,30,191.35859288165668
16,31,221.8021420132331
16,32,665.5079021408972
16,33,450.55847747375043
16,34,599.7393478046691
16,35,48.62723814613626
16,36,407.7126659193993
16,38,4563.367908580315
16,40,1447.805132629599
16,41,295.0646413395555
16,42,334.9661720416949
16,44,408.5285443651314
16,45,32.103623153366684
16,46,1059.6865812300962
16,47,88.19631986300703
16,48,495.1046258569658
16,49,31.5282268921631
16,51,589.8000682382534
16,52,234.95759071332
16,54,27.856768686196997
16,55,1048.7465463929973
16,56,1864.5901616362332
16,58,443.8240565045998
16,59,20.64914942408599
16,60,27.807500526098337
16,67,856.2283484198991
16,71,480.4205598683898
16,72,2706.2793440259984
16,74,857.8077701657114
16,79,491.4954311687022
16,80,102.45107024706773
16,81,260.5445223849477
16,82,885.7788534017366
16,83,33.425990118218536
16,85,380.53591236796933
16,87,1221.0271916584425
16,90,572.651153986478
16,91,598.8019451490845
16,92,1009.4815297794725
16,93,175.5183675607936
16,94,353.8908107231764
16,95,1660.6535723052116
16,96,46.87787608767432
16,97,279.33244540317264
16,98,29.34580780594978
17,1,2163.8447324625863
17,2,2980.7422393098577
17,3,2194.6648376070416
17,4,1743.1285859766883
17,5,2027.3323804230718
17,6,890.8853583335778
17,7,1273.77768709035
17,8,586.7549479938211
17,9,1768.7088015339516
17,10,755.5710624521721
17,11,1633.8114880168475
17,12,479.7914566462654
17,13,1846.2011669850137
17,14,1387.0399457600204
17,16,1330.1182529360624
17,17,1028.1469312394515
17,18,1040.9171383784917
17,19,810.0037146504098
17,20,928.1679810639304
17,21,301.6656363261949
17,22,1265.2608579879452
17,23,720.6311733490985
17,24,705.2667975977654
17,25,744.3244402676495
17,26,519.7318758884442
17,27,173.54633658009155
17,28,139.6759200889232
17,29,241.20121486812698
17,30,258.163768336312
17,31,296.27503358468766
17,32,646.0908993244187
17,33,562.6958515024646
17,34,841.9833348431964
17,35,188.88283409758722
17,36,325.94280909865483
17,38,4101.015048307419
17,40,1796.6863147716163
17,41,42.90074288829169
17,42,495.90189217138817
17,44,471.4812692747661
17,45,30.165267611220276
17,46,935.0956446283984
17,48,766.031524823021
17,49,24.05883248287701
17,52,319.18270118984015
17,54,33.92357490791841
17,55,942.2367548781385
17,56,1138.900744737973
17,58,627.5452707745325
17,59,72.0857300472769
17,60,88.09769788972002
17,67,1079.8467497205722
17,71,751.036540019957
17,72,4032.8531317301895
17,74,1646.2112649286373
17,79,971.3616663992425
17,80,118.29907789757603
17,81,1220.1102800735466
17,82,871.1937521144606
17,83,83.8949862384937
17,85,430.6404025567908
17,87,738.8574477932813
17,90,2090.668285442509
17,91,996.8899842278302
17,92,6132.164230564625
17,93,682.6400241975546
17,94,882.6670868371268
17,95,2605.9022367993975
17,96,128.85427240980212
17,97,767.6010097613706
17,98,72.53338499475075
18,1,1287.0854805726444
18,2,1441.3500950997168
18,3,1167.4563977010357
18,4,660.4204490474526
18,5,897.5740784847796
18,6,413.8205683715888
18,7,1236.2872625926811
18,8,649.2618504325233
18,9,830.7403085676624
18,10,538.1073140423267
18,11,1179.0853150415378
18,12,199.98868139586634
18,13,1031.440336691368
18,14,946.6477769864576
18,16,1145.846226569806
18,17,478.8386858152419
18,18,916.1803827034671
18,19,189.4448003837869
18,20,477.91890012611225
18,21,279.33742263932317
18,22,627.1456545226612
18,23,979.018633289233
18,24,557.0418162765762
18,25,542.4407322481944
18,26,563.5808872265222
18,27,203.06799857061435
18,28,125.27671748799071
18,29,429.0456007324137
18,30,383.31114676616494
18,31,290.3917462046072
18,32,568.737003735157
18,33,632.7398448480039
18,34,749.6448962165748
18,35,411.1589822851419
18,36,391.13348425593034
18,38,1607.6580069336355
18,40,1036.1606289014221
18,41,113.84130073658201
18,42,384.9122047020623
18,44,271.2835307459249
18,45,30.96045857880268
18,46,709.5730723044427
18,47,107.87455800372229
18,49,747.5168047283403
18,50,352.60826362204324
18,52,232.7782688219251
18,54,36.71544493614405
18,55,562.1481802252971
18,56,557.2261874009785
18,58,792.8331158462632
18,59,144.7866054279692
18,60,47.51697095994315
18,67,693.3981643045386
18,71,634.6571652289177
18,72,2511.45998759988
18,74,651.2446592180991
18,78,24.434691988633265
18,79,812.3985853815612
18,80,80.61982190978516
18,81,438.2604425451871
18,82,563.0186940098828
18,83,286.0617689403549
18,85,216.62781374201475
18,87,659.5980547945178
18,90,624.113695436652
18,91,1028.2562040294163
18,92,1768.907370487055
18,93,451.17207075798706
18,94,523.804516214504
18,95,1138.1773717491355
18,96,18.644027362674887
18,97,530.7762873742213
18,98,163.08024207009078
19,1,684.2994947028074
19,2,604.0608543505136
19,3,643.52101650167
19,4,543.5083917479279
19,5,787.553445601449
19,6,217.38183180377837
19,7,1133.4392062619536
19,8,472.7233905181922
19,9,981.4200506940502
19,10,665.7331971487439
19,11,1119.5053906272192
19,12,153.8670537888436
19,13,469.8275999580908
19,14,356.95837810036426
19,16,1372.5978558678407
19,17,398.356014782324
19,18,678.5407759404112
19,20,201.22281285199657
19,21,154.78492813431293
19,22,289.35989667490304
19,23,600.4499517771654
19,24,221.19640180924432
19,25,392.08280926901756
19,26,248.04774596555643
19,27,129.1953767121756
19,28,81.08325008469168
19,29,131.99717823874715
19,30,160.3601197856798
19,31,198.82813130045815
19,32,261.3039683481191
19,33,225.19517398188987
19,34,682.3707741604011
19,35,202.81495738573165
19,36,310.50571880239164
19,37,140.43451568204458
19,38,1132.217255345906
19,39,589.8000682382534
19,40,537.1767240238179
19,41,246.99704076259056
19,42,143.23620473167696
19,44,164.79520726814152
19,46,318.7553642290973
19,47,371.3335325932182
19,48,589.8000682382534
19,49,209.4174538814683
19,50,235.24980646022811
19,51,589.8000682382534
19,52,163.41306103364744
19,54,40.94508798985383
19,55,516.3696487571549
19,56,457.33487059148206
19,58,468.3879748257693
19,59,168.35699520862656
19,60,97.571458818224
19,67,693.357957935908
19,71,327.31151453952305
19,72,1790.8706584005654
19,74,450.35781845865296
19,78,22.501045261762382
19,79,288.78685235093116
19,80,270.7706297502558
19,81,316.10455904773346
19,82,784.8550609215393
19,83,143.82752240011197
19,85,141.23609385567036
19,87,319.0730133760457
19,90,1013.6586789614946
19,91,774.2461445054882
19,92,2564.653157010241
19,93,459.82704459714483
19,94,497.07773448544447
19,95,1574.6889418426358
19,96,507.2083380829751
19,97,507.7023037773138
19,98,254.92581090476222
19,99,296.4336301931456
20,1,4044.293336393922
20,2,771.671780853087
20,3,474.57499850821875
20,4,637.0937529479891
20,5,864.4815719055913
20,6,388.2830434550583
20,7,2326.734065780902
20,8,1000.9821075453444
20,9,917.3715663590832
20,10,512.6557501379831
20,11,804.04209764987
20,12,227.13301857379614
20,13,740.1421256607907
20,14,477.0443612921074
20,16,779.0157093168989
20,17,346.3267141348189
20,18,1088.1135629934513
20,19,24.111871254629826
20,20,177.6270227949782
20,21,254.71900964694544
20,22,447.93289792744685
20,23,693.9830842511582
20,24,392.1904060119104
20,25,495.34189214731737
20,26,476.0257833109921
20,27,158.07397541730998
20,28,103.32423219297553
20,29,264.5385071837351
20,30,157.9825654028383
20,31,180.77739109804557
20,32,604.3026425012532
20,33,374.36580591577837
20,34,653.2930456324813
20,35,242.50095081251177
20,36,338.3462545347473
20,37,102.18016271308532
20,38,2967.887031823945
20,40,798.9816301276534
20,41,299.2857813486588
20,42,166.2072590154224
20,44,213.81371085896902
20,45,30.88258163252474
20,46,633.3121309800931
20,47,33.985352689825866
20,48,500.8042420027794
20,49,640.3093291014193
20,50,180.29695914074455
20,52,186.27781484461715
20,54,45.22550555467942
20,55,765.0826265622436
20,56,543.1975852258118
20,58,453.6771656649195
20,59,180.78987806046226
20,60,96.86639128819685
20,67,649.9214534005558
20,71,411.81375837804364
20,72,4891.688751624131
20,74,495.76136968127537
20,79,464.5598786540048
20,80,485.7312171793223
20,81,357.8834106750399
20,82,762.5294584832271
20,83,153.83492004749715
20,85,155.05411854958237
20,87,1863.2065175186433
20,90,1397.8418837399138
20,91,1599.8259895870644
20,92,5807.532124498263
20,93,1101.8299556657198
20,94,971.1410042986878
20,95,3912.973751212973
20,96,40.127839556762694
20,97,462.55249092662547
20,98,328.8269913673814
20,99,382.6978351874205
21,1,938.390792788771
21,2,945.435040643397
21,3,942.1105323203811
21,4,422.6648414534068
21,5,764.1426700545317
21,6,326.96334708167495
21,7,1150.9531843952896
21,8,374.07732298222993
21,9,695.9409371518825
21,10,434.15363973063324
21,11,700.5184282678083
21,12,154.79355870570205
21,13,705.6404511515575
21,14,472.1564334387299
21,16,621.8500876928232
21,17,378.6682518842422
21,18,762.4678179393436
21,19,150.1582622006598
21,20,302.6507080329414
21,21,121.73395433614839
21,22,487.96451693763004
21,23,1021.1662160377572
21,24,600.1185795226561
21,25,597.9482833719841
21,26,637.113894997238
21,27,165.26238471186662
21,28,66.70299515401102
21,29,239.45991436309478
21,30,246.1751394681453
21,31,288.04973698925863
21,32,514.4183640110869
21,33,468.56814145290565
21,34,681.5403538303757
21,35,210.17051413463733
21,36,341.57346597225825
21,38,1140.803072601211
21,40,675.3503729815108
21,41,290.394276007254
21,42,391.1663849403108
21,44,242.5111489398363
21,46,537.9582713267193
21,47,25.29095755914618
21,49,744.9016792283729
21,52,210.66965572752625
21,54,30.54764677033515
21,55,373.59790724288166
21,56,297.87407224522565
21,58,634.0472436295292
21,59,187.40221662849098
21,60,78.47985807265779
21,67,413.1520453251303
21,71,417.12506161765157
21,72,1801.5124558473196
21,74,456.8703322039412
21,79,726.303769466991
21,80,42.56709423825489
21,81,198.86046387190748
21,82,421.85022341258804
21,83,48.5630519657318
21,85,179.5658361896322
21,87,504.82113872218343
21,90,213.65775757590325
21,91,206.23622281116306
21,92,688.5297319227831
21,93,77.90655323989266
21,94,533.3963699756673
21,95,652.4766942481115
21,97,107.81704499598466
21,98,66.62686175582732
22,1,1246.6467772897554
22,2,1309.4056570107546
22,3,928.2450344490375
22,4,845.0252146443174
22,5,1017.5573024140663
22,6,527.4442600900244
22,7,1081.9558663150913
22,8,699.2642552426594
22,9,882.9967297565279
22,10,584.0273150728996
22,11,1169.1826582514764
22,12,237.86178075194493
22,13,885.887809951674
22,14,644.4021817648173
22,16,1374.1684729438812
22,17,547.123673538808
22,18,867.1477205964934
22,19,171.3185789447046
22,20,356.198865451474
22,21,389.85809474495755
22,22,543.2478027036399
22,23,1130.1530954951813
22,24,646.02989147228
22,25,513.4749847275226
22,26,623.2730818023322
22,27,151.46475589431145
22,28,86.83388064937678
22,29,442.71025316942183
22,30,335.5356694244678
22,31,321.14890558281036
22,32,551.9323352257607
22,33,555.3274907216252
22,34,819.7092345806622
22,35,487.96738402503064
22,36,386.9617187664639
22,38,2492.922919024147
22,40,849.1695993461533
22,41,193.93795570182627
22,42,466.56649254403834
22,44,399.83749795910603
22,45,24.829159691945375
22,46,689.447070117625
22,49,18.444045463589163
22,52,217.5261432036012
22,54,31.36706522304028
22,55,572.990141694818
22,56,668.0093446060998
22,58,777.0697336735806
22,59,140.83159121090262
22,60,87.77860215928047
22,67,839.3058710272906
22,71,395.70202028541104
22,72,3046.098968297155
22,74,692.2278156207717
22,79,623.5805820747179
22,80,139.751871530306
22,81,392.622393715644
22,82,647.1589571271949
22,83,155.41769722514977
22,85,236.56109863467034
22,87,656.9088444470591
22,90,504.30763732132255
22,91,560.4969874464542
22,92,1214.7107381566695
22,93,272.56175011224747
22,94,214.923566451961
22,95,1228.0251804905377
22,96,589.8000682382534
22,97,241.75873144254993
22,98,101.78620085634321
23,1,2496.842670958301
23,2,2334.2646106261686
23,3,1294.3084178057652
23,4,855.0319118496549
23,5,1962.449961288385
23,6,602.7398027341778
23,7,1564.1615037662864
23,8,680.0814806853798
23,9,2331.474715968962
23,10,749.6502796353764
23,11,1332.310611665237
23,12,334.0350713565203
23,13,1077.082541768852
23,14,895.083882112775
23,16,2061.9561899333958
23,17,973.2915032038825
23,18,1086.2756099027363
23,19,127.78945410194854
23,20,690.9027390503204
23,21,493.147323105952
23,22,755.0366407062698
23,23,1560.8184327317176
23,24,661.2826476683098
23,25,738.9943491642987
23,26,701.9880505560131
23,27,298.96687470713454
23,28,123.49129713420422
23,29,432.66218779687074
23,30,440.2829095919203
23,31,483.62168319798207
23,32,612.1228312283839
23,33,768.639217261282
23,34,1283.4697650887142
23,35,635.6674585615852
23,36,679.277971281293
23,38,1774.3499171621186
23,40,1247.5917887364585
23,41,307.94337068952194
23,42,492.5916934803333
23,44,415.64291707333473
23,45,28.43157950870115
23,46,899.6262873186881
23,49,997.0125957965233
23,50,794.4460409194542
23,52,283.146865344487
23,54,34.8658985390533
23,55,654.4567604982927
23,56,1138.7079535602559
23,58,749.1048933192176
23,59,159.683941941264
23,60,40.01544090521318
23,67,1008.3318017615996
23,71,785.5365114747552
23,72,3358.5820741617704
23,74,1650.6643161013942
23,79,974.2609975697773
23,80,144.42980321574316
23,81,425.61384261713073
23,82,848.0607024003775
23,83,130.87922828377123
23,85,406.741454771955
23,87,1210.602057586112
23,90,734.9986001481309
23,91,932.5029808706043
23,92,1959.8963424717856
23,93,301.095501398723
23,94,701.8495450609317
23,95,1237.4378502394366
23,96,642.8278415009414
23,97,447.155981910503
23,98,80.57262669607609
24,1,676.7945853098851
24,2,529.585364591626
24,3,370.3677690816198
24,4,437.69842717817994
24,5,672.59908351482
24,6,343.1675180992762
24,7,957.5332521430531
24,8,493.9910876323203
24,9,642.6595542346258
24,10,532.5009477509367
24,11,941.4306895670888
24,12,140.42312152540558
24,13,434.69102972462076
24,14,451.3202048831341
24,16,523.9900596655124
24,17,250.74964198211723
24,18,645.4230051715932
24,19,36.18171040752532
24,20,141.3550077527972
24,21,157.6635177045049
24,22,345.18106481716893
24,23,577.4347874859552
24,24,259.2525157431008
24,25,335.34635238465523
24,26,266.16909618103136
24,27,139.39075688015922
24,28,75.43860639009672
24,29,166.03648882624822
24,30,165.4045205711679
24,31,186.8515298979847
24,32,335.1359181603773
24,33,283.2610147709577
24,34,451.05180975164956
24,35,233.0796559435335
24,36,297.9225166132079
24,37,121.3887318910955
24,38,1006.3251523935943
24,40,460.47669248129256
24,41,277.7799778169629
24,42,140.45831384275644
24,44,135.9999530143348
24,45,28.168032982469374
24,46,291.42592109627407
24,49,230.68759019394616
24,50,231.47319207444812
24,52,141.5912789241049
24,54,29.6040245817774
24,55,588.2279420366576
24,56,465.48647854367016
24,58,681.7522802538771
24,59,143.97517622549012
24,60,41.90841271265668
24,67,558.0054452922794
24,71,245.91424676885757
24,72,1679.8207354432868
24,74,413.7633170395788
24,79,465.0926872471405
24,80,535.8108634525337
24,81,380.58308223467105
24,82,444.7137645627103
24,83,171.82405940602519
24,85,139.60407949989667
24,87,698.3171424037799
24,90,1126.8406044564188
24,91,966.1952177080067
24,92,4642.038287528176
24,93,760.3517990259113
24,94,766.6505033260962
24,95,2357.4643168343973
24,96,443.66771692568267
24,97,520.0444863372666
24,98,174.0591577813647
24,99,189.8263406140425
25,1,758.4259869655599
25,2,813.325649603324
25,3,626.0462552593045
25,4,416.54399406969156
25,5,909.2014885887091
25,6,323.6049821199472
25,7,822.8362351669032
25,8,569.1161511789134
25,9,770.2883986578336
25,10,1006.5579729641668
25,11,652.1517182939783
25,12,196.84975709312107
25,13,679.7315218113142
25,14,484.52202751485146
25,16,1240.7608263652655
25,17,430.26838813920796
25,18,564.6528248236074
25,19,589.8000682382534
25,20,254.62419351825778
25,21,284.47829387799777
25,22,364.1000000063145
25,23,653.319444035157
25,24,278.9700870684253
25,25,566.327151314987
25,26,259.7763353066321
25,27,101.27234384576126
25,28,83.9887866167118
25,29,250.40629806796935
25,30,206.69828380689154
25,31,208.33282952749133
25,32,266.6606187357077
25,33,208.90124886698635
25,34,599.6662396159421
25,35,238.19104646057437
25,36,278.2127919435581
25,37,174.64385931369233
25,38,2007.1382806668735
25,40,933.8776789759498
25,41,390.868081623045
25,42,348.29331706210206
25,44,169.49911317865616
25,45,27.045523433027828
25,46,604.5985190493964
25,47,80.72257566696814
25,49,840.2953842552643
25,50,216.7793444227766
25,52,218.86013447423196
25,54,45.1774029985486
25,55,384.46006623748355
25,56,618.6389094469682
25,58,291.30814571774476
25,59,106.80458011977277
25,60,56.606505368460056
25,67,686.9829890715788
25,71,294.4548941314055
25,72,1470.5935862760189
25,74,439.57064544447184
25,79,455.4880842286787
25,80,75.15929418572465
25,81,274.28955547065306
25,82,394.3481779648668
25,83,50.44054322939117
25,85,226.32924833976435
25,87,513.4958870994716
25,90,276.3710143943044
25,91,342.28250130365774
25,92,920.4070738842847
25,93,101.6524192856727
25,94,394.224230199365
25,95,885.0847647113792
25,97,139.60081424395813
25,98,115.57998712115649
26,1,733.5011990607877
26,2,751.2706929784467
26,3,422.6955410042303
26,4,695.6700433345798
26,5,823.1327121846367
26,6,471.1230168749975
26,7,823.7176239975782
26,8,920.4237490227846
26,9,765.3457125089247
26,10,489.8472885674921
26,11,1261.736001699594
26,12,347.39390700100216
26,13,579.798703270405
26,14,550.7269985954549
26,16,984.8598245090064
26,17,342.77932584105565
26,18,501.18832270860685
26,19,162.005061829728
26,20,232.82635286981778
26,21,274.2455480005955
26,22,405.78296993806055
26,23,582.050260390544
26,24,244.54158255275067
26,25,413.20694723412055
26,26,268.60323355211904
26,27,81.86482968392112
26,28,80.28388529643554
26,29,187.0345364979127
26,30,187.97007717280442
26,31,125.78226007238045
26,32,298.42240662430174
26,33,274.5933482266357
26,34,527.5049908220014
26,35,237.91044861727033
26,36,212.99747666691195
26,38,4431.498590413651
26,40,713.9577765529796
26,41,160.73333655283486
26,42,198.79077466899005
26,44,217.60889923468525
26,45,28.831320723947734
26,46,380.24088908732045
26,47,99.55015242296
26,48,249.88307253673779
26,49,446.6249657180338
26,52,192.0140031658753
26,54,26.089511856502526
26,55,446.6362961903843
26,56,615.4544372735578
26,59,75.1315134035167
26,60,42.84013149899496
26,67,593.4256678917737
26,71,297.2148230165857
26,72,1871.0987131530283
26,74,457.6789303537574
26,79,680.4284147509478
26,80,558.9409552878253
26,81,507.2459799016874
26,82,403.2298172695517
26,83,176.0230738273024
26,85,152.68366769276375
26,87,1036.7077197833676
26,90,2036.1714765961167
26,91,1571.8156200161618
26,92,3983.716967753958
26,93,1544.1553046172796
26,94,1252.0323820699107
26,95,2630.6774283605378
26,96,744.1775867201986
26,97,773.7560509662595
26,98,321.2789205648381
26,99,228.91831110222645
27,1,1199.1834275450944
27,2,1149.3875922347113
27,3,663.8496102348823
27,4,503.1225067342156
27,5,810.2726500630706
27,6,264.9096175010095
27,7,1649.981158690221
27,8,405.4729797406269
27,9,767.8250681889119
27,10,599.9148565553143
27,11,888.5186998848261
27,12,108.75785613892924
27,13,791.5143067260154
27,14,497.1989407811603
27,16,755.6544011858858
27,17,337.0375363378413
27,18,556.7822364478545
27,19,144.82857864189762
27,20,282.5607294311589
27,21,177.72646684509718
27,22,447.0530267445831
27,23,602.2760296528303
27,24,364.3165780183905
27,25,276.2145746783978
27,26,332.306183090745
27,27,103.74124076213789
27,28,90.99861167784366
27,29,182.65622346258064
27,30,140.67401256195598
27,31,189.2239025093167
27,32,215.97484055609453
27,33,304.71954444120126
27,34,528.2833224526147
27,35,212.58778562641658
27,36,352.32554702411363
27,37,121.90572555834683
27,38,908.7173448175354
27,40,690.2225220194701
27,41,274.72898558951016
27,42,190.88944266957665
27,44,124.12749055864423
27,45,41.20950473516065
27,46,744.9731279790432
27,47,5.759209725562421
27,49,450.50977831562113
27,50,242.6553036254356
27,52,199.36113000214098
27,54,32.40439669905904
27,55,526.6881776028793
27,56,475.5161829344789
27,58,640.6668560416392
27,59,129.49519321937856
27,60,61.63600523166845
27,67,573.3333894080048
27,71,407.05348159078306
27,72,1403.7572383151407
27,74,491.49780066250065
27,78,589.8000682382534
27,79,534.0260790196963
27,80,309.4781335862234
27,81,467.7347853417803
27,82,553.5105518950903
27,83,227.54118058092308
27,85,211.67246933331657
27,87,321.486955827447
27,90,1202.7948480597781
27,91,854.8676732857252
27,92,3864.8589345050523
27,93,895.4857572227539
27,94,1022.0682788298883
27,95,1890.4356417947138
27,96,746.3499856136356
27,97,392.1093095350514
27,98,278.1628609375541
27,99,359.99274615238164
28,1,946.8704374129929
28,2,650.1295403194803
28,3,386.8723750757857
28,4,568.5486779850021
28,5,577.576008968118
28,6,275.7216256481815
28,7,765.9981536733003
28,8,391.58435460677674
28,9,317.6422001671683
28,10,365.5818139930269
28,11,325.8817574189636
28,12,134.08902900920282
28,13,487.459386324606
28,14,398.5186395533089
28,16,351.09403094699366
28,17,222.08323460632246
28,18,500.6995661597442
28,19,204.638701365179
28,20,157.807746611971
28,21,92.49216536845334
28,22,296.47067935241716
28,23,628.9495188693885
28,24,329.47883502408064
28,25,277.2270397551897
28,26,261.7897520332567
28,27,116.09689139957602
28,28,66.02492975532545
28,29,173.19472696948876
28,30,150.05482599167354
28,31,184.10571524705492
28,32,369.23638091338
28,33,273.1626767698673
28,34,403.8296329036355
28,35,222.1891990142087
28,36,208.15340001154394
28,37,149.06506851320677
28,38,1160.7013698862706
28,40,569.5777985928268
28,41,399.4462313516553
28,42,132.73668712403963
28,44,117.85788828527524
28,45,21.909849569724926
28,46,299.3133074479836
28,47,90.65852552271437
28,49,377.7070007883803
28,52,153.92273438863288
28,54,27.814654700885427
28,55,278.6678315798932
28,56,169.84572190000017
28,58,668.3227968515446
28,59,97.23456749150834
28,60,79.64042433780205
28,67,366.8155766719396
28,71,234.51039150567703
28,72,880.3584277866807
28,74,277.90139575609226
28,79,439.74703677933087
28,80,590.2022686963811
28,81,825.542636608099
28,82,412.1659551209236
28,83,430.3604701557526
28,85,144.38452768468048
28,87,382.12562456106616
28,90,1729.0623070505385
28,91,1371.9320506398412
28,92,3212.0904933070105
28,93,2046.839057029277
28,94,899.992192215989
28,95,2313.748989102922
28,96,1177.3639951324228
28,97,742.6293075681444
28,98,350.71565960209165
28,99,190.12298648904434
29,1,943.3830773615333
29,2,870.0193819461487
29,3,843.2058417806991
29,4,665.5284166817943
29,5,1056.018740832895
29,6,491.38571579466253
29,7,1231.834627702307
29,8,685.1513799242696
29,9,922.2064078763389
29,10,530.2452959727605
29,11,1141.311772664849
29,12,274.57463003074804
29,13,594.2552278132858
29,14,707.5998927869881
29,16,1104.937662236991
29,17,535.672212661632
29,18,854.8860080302279
29,19,24.823991750526144
29,20,473.55341651020376
29,21,351.2660951064207
29,22,548.8157446782689
29,23,1086.1852787444914
29,24,706.3866789205124
29,25,691.33045856458
29,26,519.1500736278851
29,27,152.92733629291854
29,28,71.03409407380461
29,29,505.03726507284284
29,30,368.2197576024414
29,31,290.1056522509645
29,32,705.1539366004586
29,33,692.7699107715258
29,34,949.2947568343279
29,35,397.1203840470447
29,36,284.0701679348948
29,38,1272.9804747109722
29,40,987.4724291012275
29,41,187.4142383866753
29,42,317.35099085424935
29,44,234.43599866983797
29,46,518.0888691441946
29,49,41.30104867830572
29,51,589.8000682382534
29,52,137.26334598261988
29,54,26.002414302285274
29,55,552.1378331755544
29,56,811.5519480768844
29,58,244.82664099224496
29,59,104.84539173712534
29,60,47.48685209019917
29,67,977.3169302002055
29,71,475.0632229217172
29,72,1879.760929677465
29,74,593.34809735087
29,79,589.3113827538295
29,80,39.31840300359328
29,81,326.52343061787684
29,82,706.4969840343475
29,83,116.95375109306198
29,85,244.73309412572337
29,87,747.7930660461011
29,90,438.59683711894104
29,91,326.8172013367834
29,92,1146.2360907780378
29,93,258.67898368907623
29,94,500.8295818321573
29,95,1021.6458103845118
29,97,216.70950913635693
29,98,44.00568683342233
30,1,1024.4156979005065
30,2,482.66270928656246
30,3,201.79457514454208
30,4,475.71035184324734
30,5,119.07479524602162
30,6,23.35118731134765
30,7,50.41481298431726
30,8,455.34416762736424
30,9,27.11925868789486
30,10,32.43466428646532
30,11,130.25366863979275
30,12,21.338598501160433
30,13,486.9447569451015
30,14,129.06504148721424
30,16,331.3814745060212
30,17,24.280729636836043
30,18,250.0908211149958
30,20,22.033103658940604
30,21,103.8717238085164
30,22,30.754185051044914
30,23,30.073221103357735
30,25,24.999778427174576
30,26,7.840209183660339
30,28,25.903103779964596
30,31,28.6052611718879
30,32,21.43647760387792
30,38,5180.311667667974
30,40,1638.4669649934413
30,41,4.774380162382739
30,42,24.83385144691154
30,44,3.1877252993788923
30,46,415.0032795576482
30,49,13.455865051694593
30,52,21.447928203391342
30,55,589.8000682382534
30,56,42.26475901496162
30,59,17.712027337985198
30,60,95.41383972068738
30,67,410.3816530515206
30,72,28.639015341576624
30,74,29.55504412554152
30,79,920.1806195781612
30,80,368.6531557145876
30,81,428.01148212417945
30,82,611.8253145657611
30,83,156.39974724232815
30,85,27.964426799483803
30,87,69.94815118040134
30,90,937.0626603226109
30,91,1390.0147201097734
30,92,2092.7947315363726
30,93,841.1108789291383
30,94,931.6195556216718
30,95,1497.3974769849733
30,96,969.861671008409
30,97,536.893795544931
30,98,295.6781836936582
30,99,589.8000682382534
31,1,378.46945777688995
31,2,496.9703104339313
31,3,403.535047599766
31,4,336.31387963441324
31,5,619.139427301379
31,6,355.0807103934211
31,7,1169.8827248822342
31,8,301.0927115916701
31,9,403.9230670598301
31,10,456.4414059559484
31,11,328.3881604317686
31,12,140.49524370633776
31,13,409.00871942338506
31,14,331.59055304096046
31,16,454.4952186602018
31,17,256.93440185676906
31,18,670.6101591152793
31,19,39.44147403379474
31,20,204.2263133095295
31,21,90.41744643929138
31,22,302.1190421619558
31,23,416.88091947142306
31,24,228.4837170646567
31,25,313.5062525848681
31,26,276.2287636424823
31,27,133.47414545329516
31,28,62.94453899434929
31,29,132.61623498374874
31,30,181.31746206289716
31,31,241.0214157053892
31,32,267.46102978313303
31,33,226.28797073417488
31,34,300.43677583913075
31,35,160.24678580025147
31,36,320.5252010423873
31,37,99.84496696661004
31,38,1121.8451591730166
31,40,592.7806387497478
31,41,222.31301201824186
31,42,116.57217222009933
31,44,165.7795279556431
31,45,6.0697454824332775
31,46,321.23232128389157
31,49,409.2398924466655
31,52,147.48692917146226
31,54,33.075742093716414
31,55,289.01645910549195
31,56,237.34663062482164
31,58,674.727363018291
31,59,181.402558265439
31,60,105.20846689725286
31,67,383.61221907687536
31,71,199.77544681018216
31,72,1450.5990499674663
31,74,464.43795739490065
31,79,978.0905796979629
31,80,265.0238186335569
31,81,316.3442577527023
31,82,310.61325629130096
31,83,299.1862751181618
31,85,201.18847971847893
31,87,334.8586748697181
31,90,872.4023341800917
31,91,729.0802410187738
31,92,3397.35434314371
31,93,864.8748289960365
31,94,818.5119548427584
31,95,1534.740376027336
31,96,432.82076231049854
31,97,493.3276893633082
31,98,236.281031264223
31,99,270.76813469528497
32,1,668.7943828439928
32,2,668.854166664349
32,3,514.9558350470693
32,4,409.0694634093413
32,5,634.7203267711527
32,6,280.1355141289001
32,7,1060.5598557968312
32,8,229.72992960998002
32,9,678.9945528262849
32,10,555.3772826626453
32,11,403.1295998305634
32,12,108.34192957539302
32,13,420.0223647134683
32,14,221.56044449385902
32,16,465.4974059102753
32,17,239.37771242056257
32,18,664.0203947758677
32,19,193.50957813910557
32,20,113.49428904943927
32,21,119.82286769307798
32,22,238.1615488781084
32,23,331.05638741600353
32,24,204.44287896597268
32,25,207.56279981653114
32,26,138.64208570161574
32,27,139.5688586042719
32,28,70.33119600566931
32,29,127.68395985875758
32,30,124.84888374178176
32,31,201.70369849068717
32,32,245.83817453213345
32,33,229.6332365314448
32,34,284.58335447248646
32,35,150.6687032275837
32,36,240.40526702677911
32,37,115.03792142215246
32,38,1118.4074979297861
32,40,571.6511222658731
32,41,397.51161536125255
32,42,160.21610763069773
32,44,129.0086934158632
32,45,34.34648073901592
32,46,426.6920295830467
32,47,589.8000682382534
32,49,263.0737376205079
32,52,170.50469227512252
32,54,35.203534132289455
32,55,343.3409350617567
32,56,468.582442147094
32,58,714.0738856697709
32,59,102.3543268922505
32,60,116.09700857566591
32,67,506.107570929699
32,71,202.34858532914774
32,72,902.2249302640289
32,74,360.90404072627837
32,79,221.8478934679999
32,80,199.85705378721136
32,81,248.33568595337437
32,82,352.66474813992335
32,83,77.05356754155989
32,85,187.47386598860774
32,87,303.58725611020975
32,90,578.3448715024039
32,91,510.2183378040795
32,92,1344.402304886818
32,93,563.6844893232429
32,94,767.8400489226182
32,95,810.61398839375
32,96,110.57096625363786
32,97,251.78410080426903
32,98,144.417867843881
32,99,238.33642210361919
33,1,507.322873468322
33,2,384.55397339222674
33,3,130.12463645612667
33,4,406.95028286269303
33,5,21.691910992571607
33,7,138.47757084916785
33,8,271.5584048190385
33,9,21.194422010865466
33,10,19.163296277756853
33,11,31.430454120952977
33,12,17.152908708039465
33,13,403.0782386618889
33,14,69.2330720652444
33,16,56.815904140209696
33,17,20.575427238912745
33,18,156.45105989502366
33,20,20.397557933495385
33,21,24.97946737083361
33,22,19.0116279723075
33,23,16.031736593594786
33,24,16.639439957487582
33,25,5.601553635455701
33,26,28.287990129733483
33,31,18.954307469250097
33,32,22.347520067748032
33,33,17.127927300302815
33,38,2070.328051748411
33,40,450.3638965079194
33,41,23.723666984421328
33,42,18.481879349715186
33,44,11.06080669739022
33,46,114.6440968424786
33,52,22.05129324028134
33,55,15.073597899454603
33,59,28.512304813710035
33,60,18.08083872279419
33,67,88.22128441060329
33,74,29.870487668344467
33,79,869.0396354159801
33,80,444.35126581928404
33,81,545.4149289725535
33,82,262.2652064884939
33,83,206.22292614569187
33,87,52.39498284173027
33,90,1995.6828476685064
33,91,1142.4364141811104
33,92,2986.7438091497575
33,93,1909.5851845925708
33,94,2387.9765468219284
33,95,2505.162841849317
33,96,790.1728368715659
33,97,794.4070225745376
33,98,563.6244934080883
34,1,937.616000397922
34,2,817.2898555581775
34,3,525.1395920804915
34,4,534.885336166969
34,5,1003.4433280526787
34,6,419.39965041946067
34,7,793.708938189019
34,8,645.1210077492115
34,9,885.2826156492403
34,10,662.5290493381365
34,11,684.8046854714665
34,12,270.2910994513923
34,13,523.8841011905656
34,14,447.27578604829756
34,16,834.4270925406133
34,17,343.8714582763191
34,18,947.8619016425462
34,19,38.69046018812564
34,20,170.3637055620771
34,21,234.20404567120335
34,22,358.67543451188124
34,23,702.8495553712143
34,24,271.2792333054542
34,25,366.6303139955407
34,26,272.88109947355736
34,27,85.9075304236717
34,28,61.30115695073465
34,29,184.15921080646626
34,30,145.72130167092632
34,31,206.27050472237562
34,32,515.6536261714791
34,33,330.76618286690905
34,34,350.42944520486304
34,35,166.93334395469353
34,36,182.2726574113939
34,37,142.01580380802386
34,38,1820.2397918473255
34,40,698.980583451812
34,41,193.67918334544797
34,42,220.74578590071997
34,44,266.6579156975563
34,45,30.6269994386677
34,46,397.9819808449804
34,48,616.5914869496684
34,49,468.9104881498241
34,51,4.978870972151332
34,52,166.2282349781887
34,54,26.868157108940064
34,55,566.3305382828386
34,56,478.863655933481
34,59,104.02309372322637
34,60,30.32206835429202
34,65,1378.0415828456444
34,67,652.5189583162219
34,71,300.87407802224305
34,72,1716.1666029525322
34,74,321.00737452914035
34,79,387.24254941084376
34,80,364.4656103407986
34,81,325.85910689938135
34,82,612.9015044023843
34,83,226.9621727119828
34,85,207.3806641734178
34,87,524.4729618491918
34,90,853.8498620656827
34,91,931.7946437728726
34,92,1705.6249078347241
34,93,921.306337595948
34,94,1258.9248090598933
34,95,1512.3331067362883
34,96,592.8558193100001
34,97,455.89432059802374
34,98,349.10805672743896
34,99,131.29107915531432
35,1,1081.8670876627068
35,2,1087.4861460027707
35,3,1568.6356401668413
35,4,558.3115999010529
35,5,890.483077459515
35,6,601.164451873709
35,7,1241.1407104267003
35,8,458.77855212554283
35,9,1089.5098691013723
35,10,515.6190337286214
35,11,2323.7066237861427
35,12,228.16465764266476
35,13,881.7172482182783
35,14,1047.4099050923016
35,16,927.0807636346484
35,17,603.6210278919598
35,18,889.3286194391145
35,20,642.666258638628
35,21,242.347120662359
35,22,877.91082480333
35,23,1246.1927528778817
35,24,751.579506158716
35,25,755.73431788038
35,26,639.3731023429576
35,27,161.5327041526815
35,28,100.81063665873926
35,29,598.888817409121
35,30,405.84118327051067
35,31,436.2243438990949
35,32,759.5745783378029
35,33,558.908486295238
35,34,1152.2976912737251
35,35,267.53579627391304
35,36,569.8434924529492
35,38,1640.6452543684
35,40,1040.6830414782435
35,41,643.405228944597
35,42,512.801649548311
35,44,195.86161662708224
35,46,503.1946798607333
35,47,89.40903506103871
35,49,28.45214705441848
35,51,32.54664407420155
35,52,230.2130570373187
35,54,53.18322986250904
35,55,820.7276608384238
35,56,261.9020510563036
35,58,686.2370091291536
35,59,164.94960869761076
35,60,32.179245060772416
35,67,790.358665559223
35,71,776.7584394769325
35,72,4309.662111119548
35,74,662.5193157233283
35,79,725.1279130890133
35,80,72.50865657675176
35,81,329.59369463933587
35,82,541.8169872379467
35,83,420.1599279654245
35,85,289.5323882552789
35,87,742.3479175887893
35,90,447.19199936867005
35,91,532.0222896900683
35,92,1040.173192180118
35,93,286.40967426741076
35,94,436.8679958500567
35,95,1491.6849699465026
35,96,12.566494965062063
35,97,233.52043876565293
35,98,61.560113654162286
36,1,460.20268561080485
36,2,660.2139001586405
36,3,113.90113837632036
36,4,340.010374235069
36,5,30.08359965429831
36,6,1.9539629631430084
36,7,48.412147738769214
36,8,215.72306110089025
36,9,27.478735477690744
36,10,27.338416774351884
36,11,29.78335108912233
36,12,21.00542417501887
36,13,566.5937533181648
36,14,118.0045466327245
36,16,65.78659781969402
36,17,19.35985542009823
36,18,201.31140931068967
36,20,22.194865318513163
36,21,18.05121935347239
36,22,16.238556157991642
36,23,9.428740318395237
36,25,14.721048168476559
36,26,28.094652545381877
36,31,26.911538230675045
36,32,17.487960488686852
36,38,1413.235594428218
36,40,678.1789291755308
36,42,15.663971654408117
36,44,19.8205687491716
36,46,100.54808788033264
36,52,16.912183592102384
36,55,23.085614765899994
36,59,28.47414806496769
36,60,23.41638346493766
36,67,81.30654480463836
36,74,35.12941855240349
36,79,1459.4971481269113
36,80,1101.5737207321492
36,81,581.9597453185046
36,82,523.0898450977659
36,83,166.9238750357063
36,87,46.42301190485548
36,90,1207.9126850542916
36,91,952.5490301898576
36,92,2237.422215741865
36,93,1141.7066639577895
36,94,1366.1314604714935
36,95,1637.546818420945
36,96,1189.3544981743598
36,97,459.5093593538734
36,98,545.8380102682504
37,1,1129.101191910739
37,2,654.2790760240837
37,3,274.8906337376666
37,4,566.8965019470801
37,5,263.46738419511087
37,6,24.665932837836063
37,7,150.8790477075891
37,8,379.5376427948573
37,9,37.30422329198058
37,10,51.09826533203088
37,11,169.30616250353185
37,12,27.985012008549816
37,13,486.92993595069885
37,14,119.06884153362824
37,16,245.54376758990267
37,17,50.83656570110951
37,18,262.4407405494309
37,20,25.05545918484798
37,21,139.6298029327176
37,22,23.749546326594704
37,23,22.026724585744905
37,24,21.863693764821267
37,25,20.056688946334884
37,26,19.377097836434604
37,27,18.96370161106321
37,28,18.87893530920702
37,31,64.1833046701404
37,32,33.01784915640403
37,33,589.8000682382534
37,38,6947.989048972497
37,40,690.2450357768432
37,42,23.596282534008786
37,44,12.199898563516383
37,46,387.7139747834926
37,49,17.03188660952593
37,52,20.670280057612754
37,55,589.8000682382534
37,56,122.28103951050959
37,59,18.8707981408256
37,60,140.96460939937023
37,67,544.3136648526944
37,72,49.15782439846263
37,74,112.49920040368086
37,79,771.4199032178581
37,80,390.7222101284654
37,81,331.57063898243837
37,82,781.796816239542
37,83,201.06975721915285
37,85,19.99446006440549
37,87,190.64530103265545
37,90,1370.912478791356
37,91,772.2954360027039
37,92,2190.4242948747037
37,93,802.8973109624993
37,94,1627.4186788228014
37,95,1977.0478756895398
37,96,988.0739570911209
37,97,465.0267650521233
37,98,481.011748795771
38,1,674.6285878854409
38,2,463.0694858095588
38,3,183.5084453875753
38,4,468.24888872037974
38,5,73.53134925984979
38,6,17.373913351653584
38,7,106.42614938446953
38,8,331.4118574443508
38,9,20.87071914735273
38,10,48.17246192432597
38,11,105.6411222408827
38,12,17.207693928910796
38,13,387.77061455324116
38,14,151.44065583698963
38,16,180.67016052838576
38,17,55.52093326181359
38,18,189.63013821834932
38,20,24.829277534307312
38,21,107.15924007506527
38,22,28.793029223053857
38,23,21.026580262099646
38,24,20.37661286408137
38,25,20.13614939335323
38,26,18.53776820796885
38,27,16.77428407407868
38,28,17.635213854236078
38,29,22.198107523067065
38,31,24.34641047394097
38,32,19.891702221786062
38,33,19.47887248016343
38,34,28.918225163193945
38,38,11120.953165241921
38,40,634.508458147946
38,42,15.72552243405479
38,44,15.440171675074026
38,46,327.45909663225535
38,49,10.813818842854856
38,52,13.8423782761413
38,56,41.665540572698035
38,59,26.48715433919685
38,60,82.7715707727353
38,67,249.39962774728338
38,72,35.303494129294144
38,74,69.88776916803398
38,79,552.3180316452562
38,80,600.6308599954066
38,81,486.75690275508674
38,82,666.6607897387437
38,83,391.64406264445637
38,85,20.593746116094835
38,87,161.33328825765898
38,90,1879.7523214200014
38,91,1669.5393165091214
38,92,3116.720247939254
38,93,1609.3622210318565
38,94,1068.5236092511336
38,95,2692.4502688541493
38,96,745.6526161866576
38,97,798.9069655740475
38,98,487.23830315736575
39,1,638.0573548257308
39,2,1493.0362380206918
39,3,1930.9719125627364
39,4,1023.4507099597845
39,5,765.3919556354386
39,6,407.4849677984358
39,7,1233.8645900535273
39,8,441.99182815909893
39,9,744.9173207676384
39,10,432.855992489734
39,11,512.7220073105954
39,12,164.98829700855097
39,13,1229.4846896603306
39,14,519.711271808163
39,16,1229.1949930105359
39,17,493.8856233881157
39,18,1093.2146623958904
39,19,19.97095083417922
39,20,290.5891136608054
39,21,205.08771309237576
39,22,562.0696790978179
39,23,594.9024046154674
39,24,457.6722522068003
39,25,247.06862422902532
39,26,403.2288776002562
39,27,120.22547834518775
39,28,90.8108308425754
39,29,190.52077734977257
39,30,178.3480019841689
39,31,306.16509503235625
39,32,307.1327963946111
39,33,363.4970216782054
39,34,480.4696336838521
39,35,196.80515762434428
39,36,308.5941874463641
39,38,1315.4735282603604
39,40,1421.748555582146
39,41,315.7990663064947
39,42,124.9365447294021
39,44,155.43375011559598
39,45,21.593605342234717
39,46,702.7427141401696
39,49,653.7380468146621
39,51,31.423377892246922
39,52,217.11867517774675
39,54,41.76480015185137
39,55,431.38589726170363
39,56,314.02806679221777
39,58,737.1247777708232
39,59,137.16388964208792
39,60,107.12618677026302
39,67,804.5205542135873
39,71,280.111956640094
39,72,1870.9301553949047
39,74,619.1187592702045
39,79,508.35547933634115
39,80,334.3290822452721
39,81,242.5496156189727
39,82,594.9494710646011
39,83,123.90331424652254
39,85,213.38133492396275
39,87,321.94863667718766
39,90,1772.9321457527985
39,91,964.7021463653422
39,92,3620.785217687332
39,93,602.598242052831
39,94,1606.976845101058
39,95,3093.572317454775
39,96,678.7617573359602
39,97,483.41024728628827
39,98,315.3165048389177
39,99,311.180477953015
40,1,830.6024740016753
40,2,779.6988756057871
40,3,331.8037139633529
40,4,821.2114262456431
40,5,792.08026304899
40,6,337.44791322755714
40,7,868.4708709249829
40,8,937.9722008768861
40,9,926.1521759935418
40,10,788.8903296873649
40,11,1191.5163973143713
40,12,298.1164635675324
40,13,696.8420393692817
40,14,605.7978686767539
40,16,937.6718412940858
40,17,360.5402460751748
40,18,641.8813623576373
40,20,173.3395334957761
40,21,324.5590824566014
40,22,383.4579556081831
40,23,596.6206914712818
40,24,276.11019142337426
40,25,396.56311200527733
40,26,345.92403435026984
40,27,82.74569406637725
40,28,66.77585824872806
40,29,220.44489691939853
40,30,194.73224741079196
40,31,180.16224973443786
40,32,370.7203352414687
40,33,293.58622777274
40,34,503.0296381197542
40,35,204.74814077117776
40,36,230.4783220176686
40,37,178.0768329640233
40,38,1364.8990181624902
40,40,878.9455953687824
40,41,119.62027871293026
40,42,236.39667226620136
40,44,179.32410531031357
40,45,48.483816013061045
40,46,420.94930925591535
40,47,50.880499631481314
40,48,356.8174175914938
40,49,25.38959296987282
40,51,0.46669047558311894
40,52,115.59727533416486
40,54,29.974583846072342
40,55,425.10333821436944
40,56,541.8394717081122
40,58,638.6360221165033
40,59,68.98215649225311
40,60,43.582487249939895
40,67,593.3783245467905
40,71,306.80146385427116
40,72,1553.8192520137363
40,74,488.0802792864877
40,79,610.5730022311411
40,80,453.23891462676653
40,81,668.9832123829758
40,82,532.3431816484765
40,83,200.54316109195855
40,85,166.26426569053072
40,87,948.1423447133827
40,90,2063.58766383471
40,91,1899.258107047426
40,92,4274.62147737238
40,93,1359.7081329024904
40,94,1197.9011651595351
40,95,2458.3274021379843
40,96,600.0239571400253
40,97,775.5223040178033
40,98,300.00752424867073
40,99,108.65569398906639
41,1,622.7474758714587
41,2,534.3425223173302
41,3,840.0480666352827
41,4,508.6261321274099
41,5,630.1908750244626
41,6,258.29992897464456
41,7,1128.1516348185758
41,8,304.866190681003
41,9,1066.0729301522556
41,10,286.62695695085307
41,11,391.9491530181489
41,12,118.84519710061797
41,13,426.9553475363278
41,14,320.59853831355593
41,16,716.3752143232546
41,17,221.30365810776712
41,18,837.7241746536613
41,19,191.48108800862124
41,20,180.0038341622744
41,21,104.24569963386551
41,22,392.4139682224594
41,23,378.89599803043
41,24,272.83860837890006
41,25,261.996900829131
41,26,177.69618019200664
41,27,131.1152501323792
41,28,79.39949090460627
41,29,155.3431092285192
41,30,118.9643809799234
41,31,203.22188466008137
41,32,253.40314701243486
41,33,264.65874426131523
41,34,354.46952172338325
41,35,161.23782078375305
41,36,242.75725606913477
41,38,1000.9123982668655
41,40,475.3506085374138
41,41,289.221891424014
41,42,121.54822419900452
41,44,117.87345332508306
41,45,23.831089898765235
41,46,368.6324395032671
41,47,152.27308672344537
41,48,514.2769054597427
41,49,361.8853004249778
41,51,10.954545990977167
41,52,179.7281602382618
41,54,29.181179069532792
41,55,305.4010716860398
41,56,478.2950712600529
41,58,608.5966011694359
41,59,121.5521355165988
41,60,101.42617494183818
41,67,629.4548648885169
41,71,216.52723513116428
41,72,1566.2619800719974
41,74,420.9097549620446
41,79,559.8482749325347
41,80,177.72681437886675
41,81,190.19942795007327
41,82,381.5967387653799
41,83,99.31506968918131
41,85,190.58649254140548
41,87,437.24418779804466
41,90,1177.8174073692787
41,91,551.7275705922507
41,92,3190.7796596136172
41,93,779.6677123425875
41,94,610.9271869777713
41,95,1403.8391049207992
41,96,120.56195289512404
41,97,307.3230187150232
41,98,173.30262332732394
41,99,349.6518024340706
42,1,970.9293364955216
42,2,543.3685211272401
42,3,170.04090156244655
42,4,579.8108344483755
42,5,172.55785786655616
42,7,378.809723486661
42,8,644.9341326166427
42,9,33.807414813137854
42,10,34.50458733565938
42,11,139.03203656233757
42,12,16.73220618632887
42,13,502.78919502469853
42,14,135.71321608162566
42,16,168.4526945310604
42,17,68.79010422349629
42,18,181.86261031754574
42,20,22.67067448022596
42,21,79.31312623214998
42,22,42.746872027715156
42,23,21.09120526271782
42,25,21.737667311874116
42,27,24.03601897474418
42,28,19.71413881067427
42,31,81.38030898206459
42,32,26.41144920590067
42,38,3511.1305806423393
42,40,751.4601006984692
42,42,22.87456340878097
42,44,21.080947476184335
42,46,332.22936403409255
42,49,18.914006587526984
42,52,16.074775230846
42,56,116.70206350780612
42,59,51.890665479014174
42,60,34.976948693991794
42,67,354.11174074071414
42,72,589.8000682382534
42,74,49.29754914714436
42,79,951.1277527210473
42,80,794.0207952013337
42,81,786.4952070649533
42,82,522.4491871732947
42,83,597.1008242871031
42,85,21.191513172778137
42,87,258.987438714102
42,90,2924.448072103066
42,91,3148.185205411861
42,92,6519.7907294988345
42,93,2404.2089688721153
42,94,1595.2942017792093
42,95,4394.597804259509
42,96,588.8989826021493
42,97,1431.7034268766251
42,98,625.9699873365333
43,1,1298.743222328407
43,2,754.801670969896
43,3,410.6890187658059
43,4,653.7754897316332
43,5,152.97767803955935
43,6,27.008190793898063
43,7,170.18895033688844
43,8,476.122308998327
43,9,49.00256384680764
43,10,62.47234456810515
43,11,101.77270388153241
43,12,22.674814554640587
43,13,660.5439923317568
43,14,147.54834711998046
43,16,569.1946468801502
43,17,66.69150381732227
43,18,513.0765287887638
43,20,27.86583901265765
43,21,93.56364029980355
43,22,30.220189105414743
43,23,7.127636354360398
43,25,23.57969280135668
43,26,589.8000682382534
43,28,24.729550474244192
43,31,23.667607165417646
43,32,12.773215637830699
43,38,5774.007424500297
43,40,577.3448499753738
43,42,30.25850201376342
43,44,28.537453966172652
43,46,490.36890233587457
43,49,19.78407069130953
43,52,22.330218796680846
43,56,50.5466719240287
43,59,35.14797361423066
43,60,37.15445051147779
43,67,314.8514179988675
43,72,36.5302893169262
43,74,92.05425007789843
43,79,1406.0972096623498
43,80,568.6963244530567
43,81,453.8442880541057
43,82,502.5472642670495
43,83,595.5027021488199
43,85,22.51433489755948
43,87,26.949872786493387
43,90,2772.0750977677058
43,91,1912.6861782351066
43,92,4651.697710491656
43,93,1623.3173325232078
43,94,2408.2408778789822
43,95,5880.562209425123
43,96,2144.5231728769854
43,97,790.9276894721575
43,98,811.2031956886065
44,1,923.862105988951
44,2,470.4736379647346
44,3,146.51893297830742
44,4,385.1359566513742
44,5,262.7596485054863
44,6,22.777890011682345
44,7,202.6748659859918
44,8,310.53715645160264
44,9,26.74353102390811
44,10,22.560907556523336
44,11,96.76967169199862
44,12,21.127884301159035
44,13,425.79949360412814
44,14,79.9769999874561
44,16,137.8753949400474
44,17,32.28691972568788
44,18,192.27536600733305
44,20,22.037359243447185
44,21,82.67826172614573
44,22,1.112611307856765
44,23,18.63577739207403
44,24,20.55524927849465
44,25,22.27306250460948
44,26,19.587816081392898
44,27,15.443538542213634
44,28,18.271700068823765
44,31,24.27010592115066
44,32,21.45291488720553
44,33,22.98882175226881
44,38,3781.394322696207
44,40,448.8241360593803
44,42,24.77311870383943
44,46,465.6862223637556
44,49,18.46758844604887
44,52,15.494103465292733
44,56,313.7346252815055
44,59,22.856592446948774
44,60,41.594930331533064
44,67,315.64998958808025
44,72,24.313442030751684
44,74,100.76525942400099
44,79,368.6923521337737
44,80,297.9270494660687
44,81,404.37879497505725
44,82,513.4829213382756
44,83,111.23630944706173
44,85,23.58183833469582
44,87,59.04718487691987
44,90,1255.9240181182997
44,91,474.6927806800978
44,92,1712.9986912954746
44,93,680.9487071767858
44,94,1031.1213122365125
44,95,1521.541378465063
44,96,300.16154882982835
44,97,357.0035800012291
44,98,178.84240918407878
45,1,600.9308865150823
45,2,796.7352972358065
45,3,623.2574466606659
45,4,462.5920627513049
45,5,893.5199261818382
45,6,414.8689396996097
45,7,1386.8425901683277
45,8,664.2544455432799
45,9,649.0763014249425
45,10,606.9554795515282
45,11,904.0405499585314
45,12,258.7022726556225
45,13,632.1038140103906
45,14,434.99222416990784
45,16,1179.1534630043338
45,17,457.10114132004554
45,18,804.4401119680465
45,19,147.73396596895003
45,20,417.2926097645929
45,21,253.13445886470237
45,22,653.192324767869
45,23,810.7977217188038
45,24,583.8788415625056
45,25,512.9062496315867
45,26,524.5596604404378
45,27,147.35354233517234
45,28,86.13509456272459
45,29,362.8666891864654
45,30,232.40743270556277
45,31,256.58962550512587
45,32,451.2589261775748
45,33,477.72960814838115
45,34,845.1955497307478
45,35,352.31010598387974
45,36,433.77279985806655
45,38,1578.5871585852533
45,40,691.3953030564431
45,41,366.49004778415406
45,42,211.7455295769147
45,44,212.8743094588352
45,45,26.047269025853208
45,46,394.3583646110151
45,47,123.9769948292367
45,49,33.809221270021645
45,52,181.2689022974487
45,54,25.172886341652852
45,55,497.2673487626965
45,56,629.1440975218959
45,58,748.5725315330079
45,59,160.38877356838458
45,60,43.3832693087717
45,67,803.3344759689053
45,71,433.2795420758809
45,72,1494.1472263944581
45,74,471.8610346822188
45,79,400.43203913804143
45,80,73.02019527855586
45,81,322.5711677484145
45,82,619.2495622418098
45,83,81.45221840484169
45,85,247.93744411684526
45,87,546.2118841409705
45,90,404.57757079763104
45,91,485.33749870129145
45,92,917.487153296779
45,93,304.30822258152557
45,94,443.1934223245256
45,95,875.8563775373282
45,97,256.90624866459996
45,98,89.84593405641667
